Segment,Avg_Sales
Consumer,228.02660229976016
Corporate,238.5631896575343
"Home Office",246.05731820809265
